user	num_comments	confidence	reasoning	comments_preview	your_label
Consistent-Mastodon	2	0.5	The comments critique the reasoning behind the ban but do not clearly support or oppose it.	But what if it's soulful human flood that "takes effort and intentionality so it makes sense to encourage it as part of community building"? Better le ||| >but I can’t blame subreddits for just banning it altogether  I can. Virtue signalling at its "finest".  >Everything i’ve said here is very reasonable	
David-J	14	0.5	The comments focus on technical aspects of art creation rather than a clear stance on banning AI art	As should every event ||| It's pretty simple. Demonstrate with proof that you made your art.  Unedited clips of the process would be a very simple way. ||| Hey. I'm just giving you a heads up on the easiest way to deal with this. It's literally pressing a button twice. What's the difficulty about that?	
DeltaBot	2	0.5	The comments do not express a clear stance on AI-generated art.	/u/HaxboyYT (OP) has awarded 1 delta(s) in this post.  All comments that earned deltas (from OP or other users) are listed [here](/r/DeltaLog/comments ||| Confirmed: 1 delta awarded to /u/wildinn0cence ([1∆](/r/changemyview/wiki/user/wildinn0cence)).  ^[Delta System Explained](https://www.reddit.com/r/ch	
Dew-Fox-6899	2	0.5	The comments focus on the effectiveness of bans rather than expressing a clear stance.	The bans don't mean much when people cant differentiate. Just stop disclosing how it was made. ||| You can easily remove watermarks. There is no reliable way to detect it.	
Double-Blueberry-213	3	0.5	The comments do not clearly support or oppose a ban, focusing instead on the ineffectiveness of bans	Banning murder won't stop murder so why bother, great point smh ||| yet all of them have some kinds of restrictions, crazy ||| **AI-generated fake evidence is landing people in jail as courts struggle with new technology**  [https://www.youtube.com/watch?v=33SlkyjhPcQ](https:/	
Filter55	2	0.5	The comments do not provide a clear stance on AI-generated art, focusing instead on the accessibilit	All it takes is a concerned guest to raise a complaint to staff, who can just walk up to the booth and take a look.   It’s really not complicated. ||| Art isn’t being gatekept lol just pick up a pencil.	
Interesting_Log-64	6	0.5	The user discusses moderation and AI's role but does not take a clear stance on banning AI art.	Funny enough is Reddit could easily replace their mods with AI as well and it would actually fix their issue of mods being asleep and subs being unmod ||| Except they intentionally search up AI in the searchbar to seek out and go after places that DO ALLOW AI art   It's separate but definitely not equal ||| It's also doing just as much to hurt AI as banning X links hurt X and "Burn Tesla" hurt TSLA   Oh wait TSLA stock is thriving opps	
Ka_Trewq	2	0.5	The user discusses the nuances of AI art and competition rules without taking a clear stance on bann	Pick one and stick with it:  1. AI art isn't art 2. AI art is cheating  For instance, using a chess engine in a chess competition is cheating, because ||| I don't know the detail of that particular competition and what they accept or not. I don't think that after 2 years since the public release of these	
MelonElbows	3	0.5	The user discusses the need for verification of art processes without taking a clear stance on AI ar	The guy you're arguing with is attempting to muddy the discussion by fallaciously claiming you want him to document the artistic process for ALL his a ||| If you have *any* video of your inking process, it would legitimize the other art where you don't have videos.  Again, you're pretending like verifyin ||| It is fine if you think there are better ways to document progress.	
MetapodChannel	3	0.5	The user acknowledges the reasonableness of banning AI art but does not express a strong personal st	This lol. Right now the human slop flood trend is those "not what im called" memes in Fandom spaces. I see like 5+ of them a day and its literally cop ||| Ah I see. I've seen certain subs ban AI due to "flood" and it would just be a similar trend with similar traction. Never seen the actual floods myself ||| That last comment OP made is terrifying. People really have the stance that their opinion is 100% untouchable and openly admit they are incapable of a	
MumrikDK	2	0.5	The comments are more observational and do not express a clear opinion on the ban.	> bringing in AI art without the owners realizing it.  How is it even *imaginable* for them to not expect open AI art floodgates at ComicCon? ||| > Was at comic con in Copenhagen.  I had no idea we even had one of those.	
OhK4Foo7	3	0.5	The comments are questions and do not express a clear opinion on AI art.	Have you made any? ||| Who has not drawn? ||| Your experience is not everyone's.	
Percy1803	2	0.5	The comments are focused on a specific argument rather than the broader debate about AI art.	Recordings of several hours not being big? What? ||| The guy above you said he spends hundreds of hours and you said "to just push buttons twice" and "it barely takes space" lmao	
Plenty_Branch_516	2	0.5	The comments focus on competition rules and do not directly address the issue of banning AI-generate	He won, if they want to clarify the rules for next time that's fine. However, unless he broke the rules of the competition I see no problem. ||| One cannot rely on common convention and assuming the behavior of a "good actor" when designing rules for a competition. That just leads to abuse of t	
Pretend_Jacket1629	4	0.5	The comments critique the motivations behind bans but do not clearly indicate a personal stance on w	"digital art is not real art" ||| >being spammed at inhumanly high rates  except when it's not ||| those aren't subreddits 4 years after the popularization of ai having no issues suddenly bringing forth a decision to ban ai after 1 (or even no) ai p	
Protolictor	2	0.5	The comments focus on enforcement and logistics rather than expressing a clear opinion on banning AI	How enforceable is this at an event that size? ||| This is the kind of stuff I was looking for. Thank you.  I've never been to the San Diego con, but know how ridiculously huge it is. It would take for	
RadzimierzWozniak	2	0.5	The comments focus on enforcement rather than expressing a clear opinion on banning AI art.	How do you suggest enforcing those rules? ||| Many very good models are open source. Removing such watermark would be trivial.	
Rebal771	2	0.5	The comments are facetious and do not clearly indicate a stance on banning AI art.	The catch is all the vendors have to be taped to their chairs with their mouth shut as they watch everyone take whatever the hell they want and not pa ||| Half of me wants to be facetious and set up my own AI art show. All the vendors can pay $50 per table.  Then, when the door is open, we announce that 	
Ricoshete	3	0.5	The comments are unclear and do not take a definitive stance on the ban.	Action replay, let me win the school competition! ||| Ehh. Honestly, internet drama kinda seems silly these days, but if it was drama free. Having a ai win a school student art competition, outside of fun ||| Ehh. This was like a week old. But you were always a huge waste of time. You go 1000x less further with 1000x more effort. Bye bye, have a good one.	
SLCPDSoakingDivision	2	0.5	The comments discuss perceptions of AI but do not clearly support or oppose the ban.	Not liking AI isn't bigoted ||| So says the guy with a non AI pfp	
Stormydaycoffee	2	0.5	The user expresses a complex view, supporting manual art in schools while also recognizing the value	I’m leaning Pro AI and I don’t think of AI as theft…BUT tbf I do agree it shouldn’t be part of an *art school* competition since I would assume the po ||| I don’t particularly disagree with you, and I support the winner of the Pink Floyd competition as well. It’s just that (for me) - in this case it’s a 	
TheGrandArtificer	3	0.5	The comments discuss the inclusion of AI in art schools but do not take a clear stance on banning AI	You do understand that some Art Schools are including AI in their Coursework now days, right? ||| Considering how you're flooding my in box, finally got unbanned? ||| You do realize that how you word a prompt varies between AI models, right?  And different AI models will produce different results with the same promp	
Titan2562	19	0.5	The comments discuss moderation and the debate culture without taking a definitive stance on banning	"Moderators with complete control"  I... That... That's kind of the point of a moderator. It's what keeps pornography out of the paw patrol subreddit. ||| Agreed. One thing I can't get over with this whole pro-vs-anti shtick is how much everyone wants to be a complete and utter asshole about it. You can' ||| Here's the funny thing. I could make that exact same argument from the perspective of the Anti-AI crowd.	
Vio_	2	0.5	The comments discuss the issue of AI art being unrecognized but do not clearly support or oppose a b	A lot of vendors were bringing in AI art without the owners realizing it.   I'm not saying they shouldn't have been aware of it, but the AI art proble ||| A lot of pieces aren't original but copies of their originals.	
changemyview-ModTeam	6	0.5	As a moderation team, their comments are focused on rule enforcement rather than expressing a person	Your comment has been removed for breaking Rule 2:   > **Don't be rude or hostile to other users.** Your comment will be removed even if most of it is ||| Your comment has been removed for breaking Rule 2:   > **Don't be rude or hostile to other users.** Your comment will be removed even if most of it is ||| Your comment has been removed for breaking Rule 2:   > **Don't be rude or hostile to other users.** Your comment will be removed even if most of it is	
gerkletoss	2	0.5	The comment shares a link and critiques a specific aspect of AI art without a clear stance on bannin	You'll be interested to read this  https://www.smithsonianmag.com/history/musicians-wage-war-against-evil-robots-92702721/ ||| Except "uneditable metadata" has no basis in reality	
possibilistic	2	0.5	The user discusses moderation and control on Reddit without a clear stance on AI art itself.	The problem is that Reddit has moderators with complete control.   In an ideal world we can post about the subjects we like and not be dictated at by  ||| First of all, children do not belong on Reddit. There is so much pornography and sketchy shit on this website, it is not age appropriate.    Meta hire	
rushmc1	3	0.5	The comments reflect skepticism about the opinions on AI art but do not take a clear stance.	LOL  Peppridge Farm remembers when the dominant (and LOUD) opinion was that *comics* were shit and slop. ||| Wow, what an eruption of groupthink. I'd be ashamed to participate.  Unless you're all bots. ||| This is going to appear SO laughable in a decade.	
symedia	3	0.5	The user acknowledges the issues with AI art but also expresses a personal use of AI, making their s	No? Simple... If the rules don't want ai stuff on their page you don't post.   I'm in different kinds of discord servers. Some accept it and some do n ||| Yes the mods ... Happens. And yes most of the ai posts in Reddit and discord are pure and shit slop.  Twitter? It's more on the above average coz the  ||| Well people and influencers are aggravating the issues even harder.   Seen so many Keep Yourself Safe (wink wink) on the both sides of the fence. It b	
AssignmentWeary1291	2	0.6	The user acknowledges the subjectivity of art and seems to support the idea of banning AI art but do	AI art is real art, art is completely subjective and has quite literally no meaning. People smear shit or period blood on paper and sell it as "art" a ||| Art is completely subjective, sorry to break it to you. Creativity is completely irrelevant and as for the artist, the artist is the person who create	
Candelestine	6	0.6	The user discusses the implications of technology on art but does not take a clear stance on whether	There's degrees to things, and so long as people are alive, it is possible to get worse.  So, this is like saying that just because you survived a rea ||| Source?  Afaik rich people still enjoy painted portraits, for the same reasons they always did--status symbol.  They just don't have to stand still fo ||| No, I want a source for some sort of job that was lost due to the new technology of photography, which was your central assertion. The fact that portr	
DarthJDP	2	0.6	The user raises questions about the detection of AI art but does not explicitly state a position on 	good luck accurately detecting its AI art. ||| How would a portfolio and a presence online be a long term barrier? The output of AI models is getting better and better there arent extra hands and o	
ForgottenFrenchFry	2	0.6	The user identifies as pro-AI but acknowledges that banning AI art is reasonable, indicating a mixed	OP you're fighting an uphill battle, though I'm assuming you know that already. I'm not even saying this to discourage you, just that you'll be met wi ||| so instead of attacking OP's argument, you're attacking him directly?  way to literally prove their point	
Level69Troll	2	0.6	The user discusses potential issues with AI but does not explicitly support or oppose a ban.	Ive been saying something similar. The genAI is pulling information from SOMEWHERE. You are going to start seeing "digital copyrights" pop up on every ||| Possibly? I dont think either is a win for anyone, but it would make these AI more "digital assistant" than others.  The scarier part to me is how man	
Outrageous_Guard_674	5	0.6	The comments reflect a mix of skepticism about banning AI art and a belief in the evolution of art t	Citation needed. ||| At one time, artists would have said that using digital tools should have him disqualified.  But now they are exceptable.  AI will go the same way. ||| It happened. Your personal doubt doesn't change a thing.	
Plokhi	3	0.6	The user discusses the impact of AI on art and expresses concerns but does not take a clear stance o	Photography didnt replace art my man, not in the slightest.  And photographers are still humans, artists, that create and live.  What people are “afra ||| I’d argue that’s more craft than art i guess ||| I feel like AI is different, but i come from music mostly, where this sort of thing is unprecedented, since no technological advancement so far killed	
Purplekeyboard	3	0.6	The user discusses the implications of banning AI art but does not explicitly support or oppose the 	The problem with this is that there are other countries outside the U.S.  The U.S. banning generative AI would simply result in the industry moving ou ||| > It’s like with guns. Guns make hunting and self defence 100 times easier, but it also leads to mass shootings, as well as murders being 100 times ea ||| Do you really need a source for this?  Portrait painting used to be very common for those who could afford it.  It is now very uncommon, who gets thei	
Superseaslug	2	0.6	The user acknowledges both sides of the debate, indicating that while some bans are justified, other	It's both.   In some places it's just censorship spurred on by people whining. There's several subs I know where AI was used just fine until a small g ||| Slop is definitely a thing, but something is not slop purely because how it was made. I've made plenty of slop, I just don't post it because it's usua	
jon11888	6	0.6	The user acknowledges that there are reasonable cases for banning AI art but also discusses the comp	There are cases where banning AI art makes sense, but there have been several times when anti-AI people brigade a sub and force an anti-AI poll vote.  ||| That's more or less what I was saying.  In the pixel art subreddit for example, both AI art and watercolor paintings don't meet their definition of pi ||| After looking into it, the post I was thinking of didn't substantiate their claims as well as I remembered.  Both the pro and anti claims I saw about 	
matthra	4	0.6	The user discusses the negative impact of AI art on real artists and suggests regulation, but does n	I'd argue that it's iffy even now, I'm on a sub for detecting AI art, and it's a witch hunt. Even minor mistakes by the artist can have people saying  ||| Apologies, I'm not sure if this is rhetorical, but if the question is "Are you blaming AI art for AI art witch-hunts?" My answer would be yes.   Artis ||| AI companies should be required to flag all images generated by AI so that it is obvious to all viewers that they were generated by AI. That's the lar	
nellfallcard	2	0.6	The user acknowledges the reasonableness of banning AI art in some contexts but also suggests a comp	I've seen plenty, maybe both our algorithms just feed us what we are more prone to engage with.  One thing I noticed recently in the AskReddit sub was ||| In some subreddits it makes sense, specially those focusing on handmade stuff, but the ones that are about fandoms, memetic in nature and the like sho	
otclogic	2	0.6	The user discusses the definition of art and the feasibility of banning AI art but does not clearly 	> banned globally  Not feasible ||| I disagree then, still. Partially because what is ‘art’ is defined by society in a cumulative fashion. Our current understanding of art doesn’t preclu	
sammoga123	2	0.6	The user discusses the quality of AI art and personal experiences but does not clearly support or op	I would say that the term "slop" is also valid because many people just spend their time making low-quality things and uploading them, and the worst p ||| That's why I have to "lie in the white lie." I try to do things that seem traditional and made without any possible trace of being AI.  If a generatio	
squishybloo	3	0.6	The user discusses the challenges faced by artists but does not clearly express a stance on banning 	Speaking as a digital artist, demanding a recording for every single piece is honestly pretty unreasonable. Not everyone has infinite storage space fo ||| Oh yeah I don't give a flip, they can be angry if they want.  I am *not* gonna record a 30 hour illustration and stitch it together to upload as 'proo ||| >Unedited clips of the process would be a very simple way.  Wasn't this you?  I see it in your comment.   That is exactly what you were asking for.  N	
tyrenanig	3	0.6	The comments are somewhat sarcastic and do not clearly indicate a stance on banning AI art.	Hey now. If they are remote controlled then it’s still too human. Make it an AI generated olympics race, but with the prompters acting like drivers. ||| Dude probably still scraped the internet for his data ||| Oh do it. See how many are just AI bros coming there to circle jerk about it.	
zeptyk	2	0.6	The comments discuss the implications of banning but do not take a clear stance.	how are these things even checked is the question. its just gonna get less obvious over time. and as for "proof" of art, plenty of them are starting t ||| at this point probably ban anyone who hasnt been around before 2022, and has a years of over a decade of drawing history lmao	
10ebbor10	2	0.7	The user raises concerns about the implications of AI technology on artists but does not clearly adv	The problem is not the signature or the technology.  The problem is where the technology interacts with the data.   To take your NFT as an example. An ||| Which is going to be the worst of both worlds.   Artists still get screwed, and all the AI models are owned by some big megacorp.	
A_Very_Horny_Zed	3	0.7	The user discusses the implications of banning AI art in different contexts but does not take a clea	There's no need for ad-hominem. ||| You have a point (subreddits based around traditional art are not necessarily required to allow a new medium of art in its category) but I would argue ||| This is a place for speaking Pro-AI thoughts freely and without judgement. Attacks against it will result in a removal and possibly a ban. For debate 	
Chaghatai	3	0.7	The user discusses moderation policies without clearly supporting or opposing the ban on AI art.	Because you don't like the content on those subreddits or because of AI solidarity? ||| Power mad banana Republic sounds a little overdramatic for a discussion website   I can see where different subs are going to want to have different s ||| Well I suppose if you want to post AI art and they don't want to see air you avoiding that sub is the best possible outcome for both parties   No need	
Kedly	2	0.7	The user expresses a preference for avoiding subreddits that ban AI art for mental health reasons, b	Tbh same. Is that what they want? I dont care, its better for my mental health. ||| For me its because I dont want to deal with the anti AI mob, AI being banned means they hold the majority of power on that subreddit, and its just bet	
MountHopeful	3	0.7	The comments reflect concerns about the implications of banning AI art but do not clearly support or	Also, a lot of vendors *will still* bring and sell AI art. Because it's impossible to prove. ||| This will end badly. Has everyone already forgotten "The Legend of Ochi"? It was an amazing passion project with years of work into handmade puppets a ||| Ok, and none of those things are apparent from a booth at a convention...  Also, a real artist could train an AI on their *own work*.	
ThrasherDX	3	0.7	The comments focus on evidentiary standards and the implications of AI in legal contexts, without a 	To add to theosamabahama's comment, this requirement is called "chain of custody".  Basically, video/photo/computerized evidence has to have been full ||| Huh?  This comment chain is about court evidentiary standards vs AI fakes, in a post about AI being used to create fakes that cannot be distinguished  ||| Russian disinformation does not become "real" because they have obviously editted images they can post online.  Even something as simple as community 	
tondollari	2	0.7	The user discusses the impracticality of enforcing a ban without clear support for or against it.	It's not enforceable or detectable without some kind of stringent workflow proof and background check for all art. The ban will make some people feel  ||| Unfortunately no part of the process you described results in generated art being accurately detected and removed, which I assume is the point of a ba	
