src_user,dst_user,comment_id,parent_id,submission_id,subreddit
AutoModerator,Kasm001,oa0xdog,1rroxgz,1rroxgz,DefendingAIArt
After_Broccoli_1069,Kasm001,oa0y2mj,1rroxgz,1rroxgz,DefendingAIArt
BrekLasnar,After_Broccoli_1069,oa1q3kx,oa0y2mj,1rroxgz,DefendingAIArt
_MoOnThePage_,After_Broccoli_1069,oa2qwc0,oa0y2mj,1rroxgz,DefendingAIArt
Matyaslike,Kasm001,oa0yr36,1rroxgz,1rroxgz,DefendingAIArt
Bossanova12345,Matyaslike,oa1bbac,oa0yr36,1rroxgz,DefendingAIArt
Mtf-alpha-4-last-hip,Bossanova12345,oa1ffks,oa1bbac,1rroxgz,DefendingAIArt
SufficientWarpSpider,Mtf-alpha-4-last-hip,oa1j9xy,oa1ffks,1rroxgz,DefendingAIArt
rampant_cat,Kasm001,oa0xx5r,1rroxgz,1rroxgz,DefendingAIArt
Nervous-Ad2295,rampant_cat,oa1thwj,oa0xx5r,1rroxgz,DefendingAIArt
Kinks4Kelly,Kasm001,oa13pcd,1rroxgz,1rroxgz,DefendingAIArt
carnyzzle,Kasm001,oa1oxbm,1rroxgz,1rroxgz,DefendingAIArt
ChickenFriedPenguin,Kasm001,oa1gfbd,1rroxgz,1rroxgz,DefendingAIArt
Superseaslug,Kasm001,oa1j48w,1rroxgz,1rroxgz,DefendingAIArt
sammoga123,Superseaslug,oa2wv9x,oa1j48w,1rroxgz,DefendingAIArt
Witty_Mycologist_995,Superseaslug,oa1wzps,oa1j48w,1rroxgz,DefendingAIArt
ZeColorOfPomegranate,Kasm001,oa13vz3,1rroxgz,1rroxgz,DefendingAIArt
Dew-Fox-6899,Kasm001,oa11npu,1rroxgz,1rroxgz,DefendingAIArt
JTSG12,Dew-Fox-6899,oa1lny3,oa11npu,1rroxgz,DefendingAIArt
Dew-Fox-6899,JTSG12,oa1nj62,oa1lny3,1rroxgz,DefendingAIArt
jfcarr,Kasm001,oa0zbc1,1rroxgz,1rroxgz,DefendingAIArt
rampant_cat,jfcarr,oa12uha,oa0zbc1,1rroxgz,DefendingAIArt
Timub,Kasm001,oa16sh8,1rroxgz,1rroxgz,DefendingAIArt
Zidan19283,Kasm001,oa0ymj5,1rroxgz,1rroxgz,DefendingAIArt
Bluetails_Buizel,Zidan19283,oa14cq1,oa0ymj5,1rroxgz,DefendingAIArt
CaptainTenilleTTV,Zidan19283,oa18ym8,oa0ymj5,1rroxgz,DefendingAIArt
StrangeCrunchy1,Kasm001,oa4ykw4,1rroxgz,1rroxgz,DefendingAIArt
BradleyM96,Kasm001,oa2af0q,1rroxgz,1rroxgz,DefendingAIArt
SnooCats5204,Kasm001,oa159v9,1rroxgz,1rroxgz,DefendingAIArt
Deli-op,Kasm001,oa19h6e,1rroxgz,1rroxgz,DefendingAIArt
charlie-westi,Kasm001,oa1adma,1rroxgz,1rroxgz,DefendingAIArt
sammoga123,Kasm001,oa2vpvt,1rroxgz,1rroxgz,DefendingAIArt
Superseaslug,Kasm001,oa32j6s,1rroxgz,1rroxgz,DefendingAIArt
IronBloodForgeAI,Kasm001,oa4o48a,1rroxgz,1rroxgz,DefendingAIArt
Kukamakachu,Kasm001,oa6dovq,1rroxgz,1rroxgz,DefendingAIArt
AnalysisBudget,Kasm001,oa7ltzb,1rroxgz,1rroxgz,DefendingAIArt
Historical_Nail1882,Kasm001,oa1c2j2,1rroxgz,1rroxgz,DefendingAIArt
dickdrainer99,Kasm001,oa13iwz,1rroxgz,1rroxgz,DefendingAIArt
PeachyPlnk,dickdrainer99,oa14mn1,oa13iwz,1rroxgz,DefendingAIArt
dickdrainer99,PeachyPlnk,oa1s7mp,oa14mn1,1rroxgz,DefendingAIArt
No-Zookeepergame8837,dickdrainer99,oa1h5g7,oa13iwz,1rroxgz,DefendingAIArt
dickdrainer99,No-Zookeepergame8837,oa1sqyz,oa1h5g7,1rroxgz,DefendingAIArt
Waldo-San,Kasm001,oa16n7i,1rroxgz,1rroxgz,DefendingAIArt
A_Very_Horny_Zed,Waldo-San,oa19bd4,oa16n7i,1rroxgz,DefendingAIArt
Waldo-San,A_Very_Horny_Zed,oa1bv8l,oa19bd4,1rroxgz,DefendingAIArt
Herr_Drosselmeyer,Kasm001,oa17x0n,1rroxgz,1rroxgz,DefendingAIArt
ManicMudslide,Kasm001,oa1g6dt,1rroxgz,1rroxgz,DefendingAIArt
Immediate_Song4279,Kasm001,oa1c2a3,1rroxgz,1rroxgz,DefendingAIArt
DeltaBot,HaxboyYT,nhvsum8,1nym59o,1nym59o,changemyview
theosamabahama,HaxboyYT,nhvlv2u,1nym59o,1nym59o,changemyview
Candelestine,theosamabahama,nhvr9ct,nhvlv2u,1nym59o,changemyview
classyfapist,theosamabahama,nika5cu,nhvlv2u,1nym59o,changemyview
HaxboyYT,theosamabahama,nhvorx7,nhvlv2u,1nym59o,changemyview
SopaPyaConCoca,HaxboyYT,nrq1j0q,nhvorx7,1nym59o,changemyview
Mad_Maddin,HaxboyYT,nhvla35,1nym59o,1nym59o,changemyview
Deelystandanishman,Mad_Maddin,ntxog8r,nhvla35,1nym59o,changemyview
Mad_Maddin,Deelystandanishman,ntyg20h,ntxog8r,1nym59o,changemyview
OD1NM4STER,Mad_Maddin,nw9j1ap,nhvla35,1nym59o,changemyview
Realistic_Reserve942,OD1NM4STER,o7kvdth,nw9j1ap,1nym59o,changemyview
OD1NM4STER,Realistic_Reserve942,o7kvmts,o7kvdth,1nym59o,changemyview
Evinceo,Mad_Maddin,nhybgrv,nhvla35,1nym59o,changemyview
Purplekeyboard,Evinceo,nhz8o8o,nhybgrv,1nym59o,changemyview
According_Life_1806,Purplekeyboard,nzkv9fx,nhz8o8o,1nym59o,changemyview
xyz3d_,Purplekeyboard,nouu996,nhz8o8o,1nym59o,changemyview
Evinceo,Purplekeyboard,nhzi6zr,nhz8o8o,1nym59o,changemyview
Proporus,Evinceo,ni07dfd,nhzi6zr,1nym59o,changemyview
IronLover64,Proporus,nulcn25,ni07dfd,1nym59o,changemyview
xyz3d_,Proporus,nouv46x,ni07dfd,1nym59o,changemyview
Evinceo,Proporus,ni07m9l,ni07dfd,1nym59o,changemyview
CreamisTasty,Evinceo,nimjf17,ni07m9l,1nym59o,changemyview
Evinceo,CreamisTasty,nimxbo3,nimjf17,1nym59o,changemyview
Certain-Confection46,Evinceo,nikjglp,nhybgrv,1nym59o,changemyview
Evinceo,Certain-Confection46,nilbg71,nikjglp,1nym59o,changemyview
lightmatter501,Evinceo,ni05gvr,nhybgrv,1nym59o,changemyview
Feataler,Mad_Maddin,o2e45nj,nhvla35,1nym59o,changemyview
seytsuken_,Mad_Maddin,nnemi9e,nhvla35,1nym59o,changemyview
Mad_Maddin,seytsuken_,nnoa4y3,nnemi9e,1nym59o,changemyview
SopaPyaConCoca,Mad_Maddin,nrq2j3r,nnoa4y3,1nym59o,changemyview
Top_Class2849,Mad_Maddin,nv1y7bw,nnoa4y3,1nym59o,changemyview
Mad_Maddin,Top_Class2849,nv277j0,nv1y7bw,1nym59o,changemyview
mayoooz,Mad_Maddin,nqvg6oh,nhvla35,1nym59o,changemyview
Mad_Maddin,mayoooz,nqxopkr,nqvg6oh,1nym59o,changemyview
frymastermeat,Mad_Maddin,o3fs3tx,nqxopkr,1nym59o,changemyview
StoryLineOne,mayoooz,nrxydom,nqvg6oh,1nym59o,changemyview
darksephora,Mad_Maddin,nwe3br5,nhvla35,1nym59o,changemyview
Mad_Maddin,darksephora,nwej7nc,nwe3br5,1nym59o,changemyview
darksephora,Mad_Maddin,nwek86i,nwej7nc,1nym59o,changemyview
Mad_Maddin,darksephora,nwetam0,nwek86i,1nym59o,changemyview
HaxboyYT,Mad_Maddin,nhvs578,nhvla35,1nym59o,changemyview
Mad_Maddin,HaxboyYT,nhvwf0i,nhvs578,1nym59o,changemyview
seytsuken_,Mad_Maddin,nnenn0u,nhvwf0i,1nym59o,changemyview
Mad_Maddin,seytsuken_,nnob98c,nnenn0u,1nym59o,changemyview
Loki1001,Mad_Maddin,nhxxzth,nhvwf0i,1nym59o,changemyview
tizuby,Loki1001,ni0qqf5,nhxxzth,1nym59o,changemyview
Loki1001,tizuby,ni0rgvf,ni0qqf5,1nym59o,changemyview
Rough_Tea6422,Mad_Maddin,nhwnllv,nhvwf0i,1nym59o,changemyview
Mad_Maddin,Rough_Tea6422,nhwrqvo,nhwnllv,1nym59o,changemyview
Rough_Tea6422,Mad_Maddin,nhxdoab,nhwrqvo,1nym59o,changemyview
00PT,HaxboyYT,nhwzi3i,nhvs578,1nym59o,changemyview
Purplekeyboard,HaxboyYT,nhz9517,nhvs578,1nym59o,changemyview
Double-Blueberry-213,Mad_Maddin,o3aeut9,nhvla35,1nym59o,changemyview
Mad_Maddin,Double-Blueberry-213,o3bvf3z,o3aeut9,1nym59o,changemyview
Double-Blueberry-213,Mad_Maddin,o3dvxze,o3bvf3z,1nym59o,changemyview
Mad_Maddin,Double-Blueberry-213,o3e0xf0,o3dvxze,1nym59o,changemyview
Plokhi,Mad_Maddin,nhvnxaw,nhvla35,1nym59o,changemyview
Mad_Maddin,Plokhi,nhvqv2x,nhvnxaw,1nym59o,changemyview
theosamabahama,Mad_Maddin,nhvudif,nhvqv2x,1nym59o,changemyview
frymastermeat,theosamabahama,o3ft2gs,nhvudif,1nym59o,changemyview
Poly_and_RA,Plokhi,nhvoa0n,nhvnxaw,1nym59o,changemyview
Plokhi,Poly_and_RA,nhvop1u,nhvoa0n,1nym59o,changemyview
Poly_and_RA,Plokhi,nhvprna,nhvop1u,1nym59o,changemyview
Candelestine,Poly_and_RA,nhvrx2e,nhvprna,1nym59o,changemyview
Poly_and_RA,Candelestine,nhw8x4v,nhvrx2e,1nym59o,changemyview
Candelestine,Poly_and_RA,nhwapao,nhw8x4v,1nym59o,changemyview
Purplekeyboard,Candelestine,nhz9r7u,nhwapao,1nym59o,changemyview
Candelestine,Purplekeyboard,nhzbnaq,nhz9r7u,1nym59o,changemyview
Mad_Maddin,Candelestine,nhwqgna,nhvrx2e,1nym59o,changemyview
Candelestine,Mad_Maddin,nhwt968,nhwqgna,1nym59o,changemyview
Mad_Maddin,Candelestine,nhwvjzj,nhwt968,1nym59o,changemyview
Candelestine,Mad_Maddin,nhx0ng1,nhwvjzj,1nym59o,changemyview
Warchief_Ripnugget,Plokhi,nhvol1v,nhvnxaw,1nym59o,changemyview
Plokhi,Warchief_Ripnugget,nhvp816,nhvol1v,1nym59o,changemyview
Mad_Maddin,Plokhi,nhvr408,nhvp816,1nym59o,changemyview
gerkletoss,Plokhi,nhwhwl4,nhvp816,1nym59o,changemyview
Plokhi,gerkletoss,nhy186k,nhwhwl4,1nym59o,changemyview
api,HaxboyYT,nhxr545,1nym59o,1nym59o,changemyview
CharmingMilk9575,api,nr8jnu2,nhxr545,1nym59o,changemyview
api,CharmingMilk9575,nrpqxzg,nr8jnu2,1nym59o,changemyview
Deelystandanishman,api,ntxp0xb,nhxr545,1nym59o,changemyview
academicallyacademia,api,njlk6m7,nhxr545,1nym59o,changemyview
blackcoffee17,api,nmdwbih,nhxr545,1nym59o,changemyview
HaxboyYT,api,nhyk1bv,nhxr545,1nym59o,changemyview
BackupChallenger,HaxboyYT,nhvkrq1,1nym59o,1nym59o,changemyview
seytsuken_,BackupChallenger,nner9mc,nhvkrq1,1nym59o,changemyview
HaxboyYT,BackupChallenger,nhvt0hi,nhvkrq1,1nym59o,changemyview
HaxboyYT,BackupChallenger,nhvo8z3,nhvkrq1,1nym59o,changemyview
Muroid,HaxboyYT,nhvr1h4,nhvo8z3,1nym59o,changemyview
theosamabahama,HaxboyYT,nhvs5r7,1nym59o,1nym59o,changemyview
ChewieDecimalSystem,theosamabahama,nokglzs,nhvs5r7,1nym59o,changemyview
theosamabahama,ChewieDecimalSystem,nol6hyu,nokglzs,1nym59o,changemyview
Alarming_Meal_4714,theosamabahama,ni0y6ou,nhvs5r7,1nym59o,changemyview
theosamabahama,Alarming_Meal_4714,ni17hos,ni0y6ou,1nym59o,changemyview
Alarming_Meal_4714,theosamabahama,ni3jxdz,ni17hos,1nym59o,changemyview
theosamabahama,Alarming_Meal_4714,ni3tnez,ni3jxdz,1nym59o,changemyview
Alarming_Meal_4714,theosamabahama,ni3twit,ni3tnez,1nym59o,changemyview
theosamabahama,Alarming_Meal_4714,ni3wudl,ni3twit,1nym59o,changemyview
Alarming_Meal_4714,theosamabahama,ni3zcsz,ni3wudl,1nym59o,changemyview
ThrasherDX,Alarming_Meal_4714,ni9vm31,ni3jxdz,1nym59o,changemyview
Alarming_Meal_4714,ThrasherDX,ni9wv29,ni9vm31,1nym59o,changemyview
ThrasherDX,Alarming_Meal_4714,ni9zrfg,ni9wv29,1nym59o,changemyview
Alarming_Meal_4714,ThrasherDX,nia1jf3,ni9zrfg,1nym59o,changemyview
ThrasherDX,Alarming_Meal_4714,nia38j6,nia1jf3,1nym59o,changemyview
Double-Blueberry-213,ThrasherDX,o3agso5,nia38j6,1nym59o,changemyview
Dave_A480,Alarming_Meal_4714,ni7qztm,ni0y6ou,1nym59o,changemyview
Alarming_Meal_4714,Dave_A480,ni9q7sr,ni7qztm,1nym59o,changemyview
Dave_A480,Alarming_Meal_4714,niae0t3,ni9q7sr,1nym59o,changemyview
seytsuken_,Dave_A480,nneqy5j,niae0t3,1nym59o,changemyview
Dave_A480,seytsuken_,nnfzq29,nneqy5j,1nym59o,changemyview
seytsuken_,Dave_A480,nner1aw,niae0t3,1nym59o,changemyview
Dave_A480,seytsuken_,nngq0mk,nner1aw,1nym59o,changemyview
WonderfulAdvantage84,Poly_and_RA,nhw05pp,nhvoudg,1nym59o,changemyview
lafigatatia,WonderfulAdvantage84,nhxssyz,nhw05pp,1nym59o,changemyview
Poly_and_RA,lafigatatia,nhyf540,nhxssyz,1nym59o,changemyview
Poly_and_RA,WonderfulAdvantage84,nhyf0q8,nhw05pp,1nym59o,changemyview
muffinsballhair,Poly_and_RA,nhwkpfr,nhvoudg,1nym59o,changemyview
Poly_and_RA,muffinsballhair,nhyi0mv,nhwkpfr,1nym59o,changemyview
HaxboyYT,Poly_and_RA,nhvtm4r,nhvoudg,1nym59o,changemyview
Poly_and_RA,HaxboyYT,nhyem59,nhvtm4r,1nym59o,changemyview
HaxboyYT,Poly_and_RA,nhykqq5,nhyem59,1nym59o,changemyview
Poly_and_RA,HaxboyYT,nhylnn4,nhykqq5,1nym59o,changemyview
10ebbor10,HaxboyYT,nhvz9o3,nhvtm4r,1nym59o,changemyview
10ebbor10,Level69Troll,nhvzfyh,nhvwnw6,1nym59o,changemyview
Level69Troll,10ebbor10,nhw3dyq,nhvzfyh,1nym59o,changemyview
gerkletoss,HaxboyYT,nhwi9x2,nhvsrm5,1nym59o,changemyview
HaxboyYT,gerkletoss,nhyiyu0,nhwi9x2,1nym59o,changemyview
DeltaBot,HaxboyYT,nhvsuou,nhvsrm5,1nym59o,changemyview
NaturalCarob5611,HaxboyYT,nhvlpim,1nym59o,1nym59o,changemyview
seytsuken_,NaturalCarob5611,nnes7ml,nhvlpim,1nym59o,changemyview
NaturalCarob5611,seytsuken_,nnf0psg,nnes7ml,1nym59o,changemyview
frymastermeat,NaturalCarob5611,o3ftqtt,nhvlpim,1nym59o,changemyview
HaxboyYT,NaturalCarob5611,nhvtp7r,nhvlpim,1nym59o,changemyview
NaturalCarob5611,HaxboyYT,nhx4njl,nhvtp7r,1nym59o,changemyview
Mad_Maddin,HaxboyYT,nhwt9in,nhvtp7r,1nym59o,changemyview
otclogic,HaxboyYT,nhyjft0,1nym59o,1nym59o,changemyview
HaxboyYT,otclogic,nhymdq9,nhyjft0,1nym59o,changemyview
otclogic,HaxboyYT,nhyqrj6,nhymdq9,1nym59o,changemyview
HaxboyYT,otclogic,nhz01c5,nhyqrj6,1nym59o,changemyview
No_Big_Plane,HaxboyYT,nhwczys,1nym59o,1nym59o,changemyview
elchemy,HaxboyYT,nhxxz14,1nym59o,1nym59o,changemyview
Otherwise_Ask_9542,HaxboyYT,njar7ff,1nym59o,1nym59o,changemyview
Kingreaper,HaxboyYT,nhww5ka,1nym59o,1nym59o,changemyview
JoeShmoe818,HaxboyYT,nhw4bop,1nym59o,1nym59o,changemyview
SirCrapsalot4267,HaxboyYT,ni1kads,1nym59o,1nym59o,changemyview
DepthMagician,HaxboyYT,niqkvvh,1nym59o,1nym59o,changemyview
KAlikethewind1919,HaxboyYT,nrzbvl0,1nym59o,1nym59o,changemyview
AlpsExciting1338,HaxboyYT,ni904aa,1nym59o,1nym59o,changemyview
Dave_A480,HaxboyYT,ni7r9i6,1nym59o,1nym59o,changemyview
AdamsMelodyMachine,HaxboyYT,nhwhc14,1nym59o,1nym59o,changemyview
phoenix823,HaxboyYT,niw81o8,1nym59o,1nym59o,changemyview
DryTradition6576,HaxboyYT,nxdllb7,1nym59o,1nym59o,changemyview
Dragon50110,HaxboyYT,nhyujnz,1nym59o,1nym59o,changemyview
Jinkuzu,HaxboyYT,nt4mfug,1nym59o,1nym59o,changemyview
Beejsbj,HaxboyYT,ni7dq6q,1nym59o,1nym59o,changemyview
SledgexHammer,HaxboyYT,nhwkr1d,1nym59o,1nym59o,changemyview
General_Platypus771,HaxboyYT,nhy3rko,1nym59o,1nym59o,changemyview
Judy_Hopeful,HaxboyYT,o6s361g,1nym59o,1nym59o,changemyview
Alkemeye,HaxboyYT,ni7onmp,1nym59o,1nym59o,changemyview
No_Fig_9599,HaxboyYT,nhw5sde,1nym59o,1nym59o,changemyview
Strange_cat_,HaxboyYT,nhxtreb,1nym59o,1nym59o,changemyview
HaxboyYT,Strange_cat_,nhykw2f,nhxtreb,1nym59o,changemyview
operatic_g,HaxboyYT,ni3gcqs,1nym59o,1nym59o,changemyview
kjdavid,HaxboyYT,ni1jdzo,1nym59o,1nym59o,changemyview
BingBongFyourWife,HaxboyYT,ninitlp,1nym59o,1nym59o,changemyview
Dazzling-Ocelot-5649,HaxboyYT,o2mh6hm,1nym59o,1nym59o,changemyview
Professional_Gur2469,HaxboyYT,nhzylmm,1nym59o,1nym59o,changemyview
Delicious-Economy232,HaxboyYT,nrtsilj,1nym59o,1nym59o,changemyview
Namika,HaxboyYT,ni2h40d,1nym59o,1nym59o,changemyview
Snoo_42276,HaxboyYT,nhw2ovm,1nym59o,1nym59o,changemyview
PastaPandaSimon,HaxboyYT,nhyrvve,1nym59o,1nym59o,changemyview
magpieswooper,HaxboyYT,nio10h4,1nym59o,1nym59o,changemyview
GrowFreeFood,HaxboyYT,nhvqjo1,1nym59o,1nym59o,changemyview
CasaSatoshi,HaxboyYT,ni2c6wi,1nym59o,1nym59o,changemyview
Educated_opinion101,HaxboyYT,nhxmmcu,1nym59o,1nym59o,changemyview
midaslibrary,HaxboyYT,nhwsrgp,1nym59o,1nym59o,changemyview
Zahgi,MetaKnowing,o12jwba,1qjyadw,1qjyadw,technology
Vio_,Zahgi,o1311qu,o12jwba,1qjyadw,technology
Zahgi,Vio_,o136jlw,o1311qu,1qjyadw,technology
TheOrqwithVagrant,Zahgi,o15d755,o136jlw,1qjyadw,technology
Zahgi,TheOrqwithVagrant,o15q0b4,o15d755,1qjyadw,technology
Atrium41,Zahgi,o19zk6u,o136jlw,1qjyadw,technology
Swamptor,Atrium41,o1cllqb,o19zk6u,1qjyadw,technology
MountHopeful,Vio_,o14xu01,o1311qu,1qjyadw,technology
thumb_emoji_survivor,MountHopeful,o17e6sv,o14xu01,1qjyadw,technology
MountHopeful,thumb_emoji_survivor,o188420,o17e6sv,1qjyadw,technology
05032-MendicantBias,thumb_emoji_survivor,o17o3bv,o17e6sv,1qjyadw,technology
ebrbrbr,thumb_emoji_survivor,o181a9b,o17e6sv,1qjyadw,technology
Swamptor,MountHopeful,o1cm4bl,o14xu01,1qjyadw,technology
MountHopeful,Swamptor,o1cplod,o1cm4bl,1qjyadw,technology
Swamptor,MountHopeful,o1cqypx,o1cplod,1qjyadw,technology
Vio_,Swamptor,o1honvx,o1cm4bl,1qjyadw,technology
MumrikDK,Vio_,o14ukvi,o1311qu,1qjyadw,technology
SweetNeo85,MumrikDK,o14viy5,o14ukvi,1qjyadw,technology
MissNouveau,Zahgi,o13e4bx,o12jwba,1qjyadw,technology
therealkami,MissNouveau,o13sv4o,o13e4bx,1qjyadw,technology
ihavemademistakes,therealkami,o1471b1,o13sv4o,1qjyadw,technology
therealkami,ihavemademistakes,o14fw60,o1471b1,1qjyadw,technology
hungry4pie,therealkami,o15nwut,o14fw60,1qjyadw,technology
DreddCarnage,therealkami,o13y3gw,o13sv4o,1qjyadw,technology
therealkami,DreddCarnage,o142dss,o13y3gw,1qjyadw,technology
DreddCarnage,therealkami,o1b74r3,o142dss,1qjyadw,technology
PlebeianKing36,therealkami,o25swwv,o142dss,1qjyadw,technology
MissNouveau,therealkami,o29yeq8,o142dss,1qjyadw,technology
therealkami,MissNouveau,o29zarw,o29yeq8,1qjyadw,technology
3-DMan,MissNouveau,o14bjzw,o13e4bx,1qjyadw,technology
Zahgi,MissNouveau,o13hwjm,o13e4bx,1qjyadw,technology
ChristofferMakela,MissNouveau,o14golv,o13e4bx,1qjyadw,technology
MissNouveau,ChristofferMakela,o19vl2p,o14golv,1qjyadw,technology
No-Channel3917,Zahgi,o12wdyt,o12jwba,1qjyadw,technology
Vazhox,Zahgi,o16flzu,o12jwba,1qjyadw,technology
shroudedwolf51,Zahgi,o141rob,o12jwba,1qjyadw,technology
mrisrael,Zahgi,o19bqr6,o12jwba,1qjyadw,technology
MFoy,Zahgi,o182ttn,o12jwba,1qjyadw,technology
05032-MendicantBias,Zahgi,o17o04d,o12jwba,1qjyadw,technology
Zahgi,05032-MendicantBias,o18fhyr,o17o04d,1qjyadw,technology
SexyBisamrotte,MetaKnowing,o12ht1x,1qjyadw,1qjyadw,technology
MumrikDK,SexyBisamrotte,o14v2u3,o12ht1x,1qjyadw,technology
SexyBisamrotte,MumrikDK,o16rqad,o14v2u3,1qjyadw,technology
David-J,MetaKnowing,o12ekhy,1qjyadw,1qjyadw,technology
dust4ngel,David-J,o155pts,o12ekhy,1qjyadw,technology
tyrenanig,dust4ngel,o1732m8,o155pts,1qjyadw,technology
RadzimierzWozniak,David-J,o132jjv,o12ekhy,1qjyadw,technology
David-J,RadzimierzWozniak,o133h4a,o132jjv,1qjyadw,technology
orlybatman,David-J,o13o4oq,o133h4a,1qjyadw,technology
RadzimierzWozniak,orlybatman,o14rhun,o13o4oq,1qjyadw,technology
David-J,orlybatman,o13ot6j,o13o4oq,1qjyadw,technology
orlybatman,David-J,o13vlto,o13ot6j,1qjyadw,technology
Journeyj012,orlybatman,o14pu4q,o13vlto,1qjyadw,technology
David-J,orlybatman,o140058,o13vlto,1qjyadw,technology
Percy1803,David-J,o145l6t,o140058,1qjyadw,technology
David-J,Percy1803,o146g8f,o145l6t,1qjyadw,technology
Percy1803,David-J,o146yhr,o146g8f,1qjyadw,technology
orlybatman,David-J,o141n5y,o140058,1qjyadw,technology
David-J,orlybatman,o1423tc,o141n5y,1qjyadw,technology
orlybatman,David-J,o145xul,o1423tc,1qjyadw,technology
MelonElbows,David-J,o14stjv,o13ot6j,1qjyadw,technology
David-J,MelonElbows,o14v4s8,o14stjv,1qjyadw,technology
orlybatman,MelonElbows,o14uwfs,o14stjv,1qjyadw,technology
MelonElbows,orlybatman,o14w46p,o14uwfs,1qjyadw,technology
orlybatman,MelonElbows,o14ymh2,o14w46p,1qjyadw,technology
MelonElbows,orlybatman,o1513ns,o14ymh2,1qjyadw,technology
linkjo100,orlybatman,o15kzxk,o14ymh2,1qjyadw,technology
linkjo100,David-J,o13bb6d,o133h4a,1qjyadw,technology
David-J,linkjo100,o13c3cn,o13bb6d,1qjyadw,technology
linkjo100,David-J,o13ie3d,o13c3cn,1qjyadw,technology
David-J,linkjo100,o13jejx,o13ie3d,1qjyadw,technology
linkjo100,David-J,o13kkg5,o13jejx,1qjyadw,technology
David-J,linkjo100,o13ma0t,o13kkg5,1qjyadw,technology
Trikk,David-J,o13pz3v,o13ma0t,1qjyadw,technology
squishybloo,David-J,o136hp4,o133h4a,1qjyadw,technology
Jaguar77789,squishybloo,o13824l,o136hp4,1qjyadw,technology
linkjo100,squishybloo,o13kt4p,o136hp4,1qjyadw,technology
squishybloo,linkjo100,o13nza2,o13kt4p,1qjyadw,technology
David-J,squishybloo,o1475nb,o13nza2,1qjyadw,technology
squishybloo,David-J,o148nds,o1475nb,1qjyadw,technology
David-J,squishybloo,o149qtn,o148nds,1qjyadw,technology
linkjo100,squishybloo,o13sc5o,o13nza2,1qjyadw,technology
David-J,linkjo100,o147aow,o13sc5o,1qjyadw,technology
David-J,squishybloo,o13atlo,o136hp4,1qjyadw,technology
Tough_Measuremen,RadzimierzWozniak,o13qjf3,o132jjv,1qjyadw,technology
ArgusTheCat,RadzimierzWozniak,o16bwct,o132jjv,1qjyadw,technology
404mediaco,MetaKnowing,o12peym,1qjyadw,1qjyadw,technology
adamkopacz,MetaKnowing,o12lzv7,1qjyadw,1qjyadw,technology
Chee-shep,adamkopacz,o141uyr,o12lzv7,1qjyadw,technology
Rebal771,Chee-shep,o1bewfx,o141uyr,1qjyadw,technology
politedeerx,Chee-shep,o188nn2,o141uyr,1qjyadw,technology
WeLoveYouCarol,adamkopacz,o14vdrz,o12lzv7,1qjyadw,technology
Rebal771,adamkopacz,o1be9mo,o12lzv7,1qjyadw,technology
Accomplished-Fix6598,adamkopacz,o13bmnp,o12lzv7,1qjyadw,technology
RedofPaw,Accomplished-Fix6598,o13facv,o13bmnp,1qjyadw,technology
ChainGang315,Accomplished-Fix6598,o13ld9v,o13bmnp,1qjyadw,technology
OhK4Foo7,ChainGang315,o14ap5u,o13ld9v,1qjyadw,technology
a_latvian_potato,OhK4Foo7,o15kboa,o14ap5u,1qjyadw,technology
OhK4Foo7,a_latvian_potato,o15o1f3,o15kboa,1qjyadw,technology
ChainGang315,OhK4Foo7,o14jf0t,o14ap5u,1qjyadw,technology
OhK4Foo7,ChainGang315,o14ozlm,o14jf0t,1qjyadw,technology
EGO_Prime,Accomplished-Fix6598,o14s9uh,o13bmnp,1qjyadw,technology
Hereibe,EGO_Prime,o15yms2,o14s9uh,1qjyadw,technology
tyrenanig,Hereibe,o173zi4,o15yms2,1qjyadw,technology
theoxygenthief,EGO_Prime,o177kn8,o14s9uh,1qjyadw,technology
Chubuwee,adamkopacz,o13wte0,o12lzv7,1qjyadw,technology
tyrenanig,Chubuwee,o1743dk,o13wte0,1qjyadw,technology
Paranitis,MetaKnowing,o137cra,1qjyadw,1qjyadw,technology
Novaskittles,Paranitis,o13zg1h,o137cra,1qjyadw,technology
Saint_of_Grey,Novaskittles,o148kn7,o13zg1h,1qjyadw,technology
BavarianBarbarian_,Paranitis,o149y8t,o137cra,1qjyadw,technology
prettymuthafucka,MetaKnowing,o12ofbu,1qjyadw,1qjyadw,technology
lurklurklurkPOST,prettymuthafucka,o12tetz,o12ofbu,1qjyadw,technology
jessek,lurklurklurkPOST,o138139,o12tetz,1qjyadw,technology
VFenix,jessek,o15rfzw,o138139,1qjyadw,technology
Beginning_Book_2382,jessek,o172564,o138139,1qjyadw,technology
Charliefoxkit,jessek,o19vic7,o138139,1qjyadw,technology
Corevus,lurklurklurkPOST,o18thpr,o12tetz,1qjyadw,technology
waiting4singularity,lurklurklurkPOST,o12xqel,o12tetz,1qjyadw,technology
No-Manufacturer4916,waiting4singularity,o14rkwc,o12xqel,1qjyadw,technology
Snuffalapapuss,lurklurklurkPOST,o12yl7x,o12tetz,1qjyadw,technology
MizarTheEdgelord,prettymuthafucka,o4z3w07,o12ofbu,1qjyadw,technology
Norci,prettymuthafucka,o17m29f,o12ofbu,1qjyadw,technology
Sgt-Colbert,Norci,o17tp54,o17m29f,1qjyadw,technology
Norci,Sgt-Colbert,o17v9sd,o17tp54,1qjyadw,technology
Webecomemonsters,Norci,o1cdq8y,o17v9sd,1qjyadw,technology
Sgt-Colbert,Norci,o17z3xd,o17v9sd,1qjyadw,technology
Norci,Sgt-Colbert,o180264,o17z3xd,1qjyadw,technology
Sgt-Colbert,Norci,o1837dx,o180264,1qjyadw,technology
Norci,Sgt-Colbert,o185kye,o1837dx,1qjyadw,technology
05032-MendicantBias,prettymuthafucka,o17oaw6,o12ofbu,1qjyadw,technology
frogandbanjo,prettymuthafucka,o12wmjn,o12ofbu,1qjyadw,technology
Teledildonic,frogandbanjo,o132h2v,o12wmjn,1qjyadw,technology
frogandbanjo,Teledildonic,o1468bt,o132h2v,1qjyadw,technology
Teledildonic,frogandbanjo,o14ovq5,o1468bt,1qjyadw,technology
UntimelyMeditations,Teledildonic,o15jsmy,o14ovq5,1qjyadw,technology
Teledildonic,UntimelyMeditations,o1611xa,o15jsmy,1qjyadw,technology
Workman44,ProfSkeevs,o1569iz,o14229n,1qjyadw,technology
Argonaut13,Workman44,o15uh5u,o1569iz,1qjyadw,technology
ACBReturns,MetaKnowing,o12icui,1qjyadw,1qjyadw,technology
HiveInMind,MetaKnowing,o12p9cq,1qjyadw,1qjyadw,technology
dantevonlocke,HiveInMind,o12rmsm,o12p9cq,1qjyadw,technology
Thekota,HiveInMind,o13299a,o12p9cq,1qjyadw,technology
Tkaud,MetaKnowing,o12tcnz,1qjyadw,1qjyadw,technology
meleecow,MetaKnowing,o12pi12,1qjyadw,1qjyadw,technology
nullv,MetaKnowing,o15r9ko,1qjyadw,1qjyadw,technology
Darqnyz7,MetaKnowing,o12rdml,1qjyadw,1qjyadw,technology
ButterMyPancakesPlz,MetaKnowing,o12qmcy,1qjyadw,1qjyadw,technology
RedofPaw,ButterMyPancakesPlz,o13fiog,o12qmcy,1qjyadw,technology
Robot1me,RedofPaw,o16lpio,o13fiog,1qjyadw,technology
Franky_Tops,RedofPaw,o141krl,o13fiog,1qjyadw,technology
knightcrusader,RedofPaw,o18qaf3,o13fiog,1qjyadw,technology
RedofPaw,knightcrusader,o18s3hs,o18qaf3,1qjyadw,technology
red286,ButterMyPancakesPlz,o14tcmx,o12qmcy,1qjyadw,technology
Ciappatos,MetaKnowing,o12rb7u,1qjyadw,1qjyadw,technology
letdogsvote,MetaKnowing,o12pb85,1qjyadw,1qjyadw,technology
Protolictor,MetaKnowing,o12hgz1,1qjyadw,1qjyadw,technology
Nago_Jolokio,Protolictor,o12jaw3,o12hgz1,1qjyadw,technology
Protolictor,serioustransition11,o13dzbd,o138un2,1qjyadw,technology
tondollari,Protolictor,o12pdir,o12hgz1,1qjyadw,technology
dantevonlocke,tondollari,o12ruhe,o12pdir,1qjyadw,technology
sumelar,dantevonlocke,o12xbk2,o12ruhe,1qjyadw,technology
dantevonlocke,sumelar,o134mfd,o12xbk2,1qjyadw,technology
sumelar,dantevonlocke,o13a048,o134mfd,1qjyadw,technology
Filter55,tondollari,o12r8e0,o12pdir,1qjyadw,technology
sumelar,Filter55,o12x7wn,o12r8e0,1qjyadw,technology
tondollari,Filter55,o12rywx,o12r8e0,1qjyadw,technology
cxmmxc,MetaKnowing,o13gtln,1qjyadw,1qjyadw,technology
zeptyk,MetaKnowing,o135rs1,1qjyadw,1qjyadw,technology
Kuneria,MetaKnowing,o14vhy4,1qjyadw,1qjyadw,technology
Zestyclose_Koala_593,MetaKnowing,o14g4vd,1qjyadw,1qjyadw,technology
wakennlake,Zestyclose_Koala_593,o169v6e,o14g4vd,1qjyadw,technology
LegitPhoton,MetaKnowing,o135dj4,1qjyadw,1qjyadw,technology
Witty_Management2960,MetaKnowing,o14g6xh,1qjyadw,1qjyadw,technology
RUSnowcone,MetaKnowing,o12vp6j,1qjyadw,1qjyadw,technology
TheDevilsAdvokaat,MetaKnowing,o14r8ba,1qjyadw,1qjyadw,technology
vinhluanluu,MetaKnowing,o17hu56,1qjyadw,1qjyadw,technology
youcantchangeit,MetaKnowing,o19oups,1qjyadw,1qjyadw,technology
TheBlueSully,youcantchangeit,o1sjngj,o19oups,1qjyadw,technology
saltedsavior,MetaKnowing,o12pthe,1qjyadw,1qjyadw,technology
matthra,saltedsavior,o12y8sk,o12pthe,1qjyadw,technology
saltedsavior,matthra,o13elrb,o12y8sk,1qjyadw,technology
BavarianBarbarian_,matthra,o14a5uv,o12y8sk,1qjyadw,technology
matthra,BavarianBarbarian_,o14i3he,o14a5uv,1qjyadw,technology
BavarianBarbarian_,matthra,o14k8f2,o14i3he,1qjyadw,technology
matthra,BavarianBarbarian_,o14u6ls,o14k8f2,1qjyadw,technology
UntimelyMeditations,matthra,o15kfbm,o14u6ls,1qjyadw,technology
matthra,UntimelyMeditations,o15tmwz,o15kfbm,1qjyadw,technology
Zer_,MetaKnowing,o14qm86,1qjyadw,1qjyadw,technology
Kriznick,MetaKnowing,o13ay9d,1qjyadw,1qjyadw,technology
rushmc1,Kriznick,o150n0q,o13ay9d,1qjyadw,technology
mushroom_taco,MetaKnowing,o14ouk3,1qjyadw,1qjyadw,technology
KenUsimi,MetaKnowing,o13qu1c,1qjyadw,1qjyadw,technology
ArcadesRed,KenUsimi,o14lahv,o13qu1c,1qjyadw,technology
Teledildonic,ArcadesRed,o14slvw,o14lahv,1qjyadw,technology
ArcadesRed,Teledildonic,o15dg3e,o14slvw,1qjyadw,technology
green_link,MetaKnowing,o12v14d,1qjyadw,1qjyadw,technology
MizarTheEdgelord,green_link,o4z4su8,o12v14d,1qjyadw,technology
juanjung,MetaKnowing,o140ov7,1qjyadw,1qjyadw,technology
keystonecraft,MetaKnowing,o144qtr,1qjyadw,1qjyadw,technology
JayMeadows,MetaKnowing,o13hkv3,1qjyadw,1qjyadw,technology
AllTheRowboats93,MetaKnowing,o13joxd,1qjyadw,1qjyadw,technology
RedofPaw,MetaKnowing,o13f0vq,1qjyadw,1qjyadw,technology
LegacyofaMarshall,MetaKnowing,o13krro,1qjyadw,1qjyadw,technology
rushmc1,LegacyofaMarshall,o151408,o13krro,1qjyadw,technology
Whiskeywiskerbiscuit,MetaKnowing,o16lmwr,1qjyadw,1qjyadw,technology
Wahjahbvious,MetaKnowing,o145gad,1qjyadw,1qjyadw,technology
The_pursur,MetaKnowing,o132g7o,1qjyadw,1qjyadw,technology
ddiggler2469,MetaKnowing,o13jr8p,1qjyadw,1qjyadw,technology
MintTangerine,MetaKnowing,o13wxii,1qjyadw,1qjyadw,technology
PadiddleHopper,MetaKnowing,o13o8me,1qjyadw,1qjyadw,technology
ArcadesRed,PadiddleHopper,o14lpyl,o13o8me,1qjyadw,technology
maikuxblade,MetaKnowing,o12vbcz,1qjyadw,1qjyadw,technology
DemIce,maikuxblade,o133mgk,o12vbcz,1qjyadw,technology
djsoomo,maikuxblade,o1edgw2,o12vbcz,1qjyadw,technology
eliota1,MetaKnowing,o1bpden,1qjyadw,1qjyadw,technology
MizarTheEdgelord,MetaKnowing,o4z3nzi,1qjyadw,1qjyadw,technology
odanhammer,MetaKnowing,o13aw5w,1qjyadw,1qjyadw,technology
AxeAssassinAlbertson,MetaKnowing,o14344j,1qjyadw,1qjyadw,technology
RokuDeer,MetaKnowing,o174cja,1qjyadw,1qjyadw,technology
05032-MendicantBias,MetaKnowing,o17nsyc,1qjyadw,1qjyadw,technology
phoenixgsu,MetaKnowing,o18dp0r,1qjyadw,1qjyadw,technology
Corevus,MetaKnowing,o18t6p3,1qjyadw,1qjyadw,technology
LongNailedbooboos,MetaKnowing,o13zuk4,1qjyadw,1qjyadw,technology
penguished,MetaKnowing,o14i6qk,1qjyadw,1qjyadw,technology
madamemimicik,MetaKnowing,o144mnc,1qjyadw,1qjyadw,technology
BlackjackCounty,MetaKnowing,o14gl6u,1qjyadw,1qjyadw,technology
infinite_gurgle,MetaKnowing,o130kmn,1qjyadw,1qjyadw,technology
lil_nuggets,MetaKnowing,o18i085,1qjyadw,1qjyadw,technology
ifonze,MetaKnowing,o14fwao,1qjyadw,1qjyadw,technology
underwear_dickholes,ifonze,o14io01,o14fwao,1qjyadw,technology
Super_Translator480,underwear_dickholes,o14mlbb,o14io01,1qjyadw,technology
ifonze,Super_Translator480,o16sk71,o14mlbb,1qjyadw,technology
Super_Translator480,ifonze,o19l2jl,o16sk71,1qjyadw,technology
ifonze,Super_Translator480,o19ny17,o19l2jl,1qjyadw,technology
rushmc1,MetaKnowing,o14ze95,1qjyadw,1qjyadw,technology
LegalComplaint,MetaKnowing,o141ujq,1qjyadw,1qjyadw,technology
OttersWithPens,MetaKnowing,o130xue,1qjyadw,1qjyadw,technology
Teledildonic,OttersWithPens,o134pcz,o130xue,1qjyadw,technology
OttersWithPens,Teledildonic,o13ef5k,o134pcz,1qjyadw,technology
__loam,OttersWithPens,o13ttaw,o130xue,1qjyadw,technology
zushiba,MetaKnowing,o12w0h3,1qjyadw,1qjyadw,technology
sumelar,zushiba,o12wg6o,o12w0h3,1qjyadw,technology
DaddyKiwwi,MetaKnowing,o135jo3,1qjyadw,1qjyadw,technology
thisistherevolt,DaddyKiwwi,o13jd0o,o135jo3,1qjyadw,technology
DarthJDP,MetaKnowing,o12qvf0,1qjyadw,1qjyadw,technology
dantevonlocke,DarthJDP,o12saeu,o12qvf0,1qjyadw,technology
sumelar,dantevonlocke,o12wp9f,o12saeu,1qjyadw,technology
DarthJDP,dantevonlocke,o12vwwh,o12saeu,1qjyadw,technology
BeachBrad,MetaKnowing,o13u81m,1qjyadw,1qjyadw,technology
LongNailedbooboos,BeachBrad,o13zgxv,o13u81m,1qjyadw,technology
BeachBrad,LongNailedbooboos,o142ox0,o13zgxv,1qjyadw,technology
Complex-Bad-3250,BeachBrad,o14s95b,o142ox0,1qjyadw,technology
BeachBrad,Complex-Bad-3250,o14w7zj,o14s95b,1qjyadw,technology
Different-Ice6075,MetaKnowing,o14cxvk,1qjyadw,1qjyadw,technology
Schiffy94,MetaKnowing,o134w5m,1qjyadw,1qjyadw,technology
AutoModerator,Videogame-repairguy,kyv11o6,1c09qj3,1c09qj3,aiwars
Outrageous_Guard_674,Videogame-repairguy,kzzd8oo,kzyc5fa,1c09qj3,aiwars
LengthyLegato114514,Videogame-repairguy,kyv5zly,1c09qj3,1c09qj3,aiwars
Videogame-repairguy,LengthyLegato114514,kzyadxz,kyv5zly,1c09qj3,aiwars
Plenty_Branch_516,Videogame-repairguy,kyv9ydy,1c09qj3,1c09qj3,aiwars
metanaught,Plenty_Branch_516,kywfged,kyv9ydy,1c09qj3,aiwars
Plenty_Branch_516,metanaught,kywl53e,kywfged,1c09qj3,aiwars
Videogame-repairguy,Plenty_Branch_516,kzyarsz,kyv9ydy,1c09qj3,aiwars
Outrageous_Guard_674,Videogame-repairguy,kzzd5bd,kzyarsz,1c09qj3,aiwars
Pretend_Jacket1629,Videogame-repairguy,kyv20ww,1c09qj3,1c09qj3,aiwars
Videogame-repairguy,Pretend_Jacket1629,kyv2mot,kyv20ww,1c09qj3,aiwars
Sixhaunt,Videogame-repairguy,kyv4rzd,kyv2mot,1c09qj3,aiwars
AramaicDesigns,Videogame-repairguy,kyv75dv,kyv2mot,1c09qj3,aiwars
Videogame-repairguy,AramaicDesigns,kzyaevb,kyv75dv,1c09qj3,aiwars
AramaicDesigns,Videogame-repairguy,kzzd4xy,kzyaevb,1c09qj3,aiwars
MagikarpOnDrugs,AramaicDesigns,lg8xc8u,kzzd4xy,1c09qj3,aiwars
AramaicDesigns,MagikarpOnDrugs,lg8xp20,lg8xc8u,1c09qj3,aiwars
MagikarpOnDrugs,AramaicDesigns,lg8ypat,lg8xp20,1c09qj3,aiwars
AramaicDesigns,MagikarpOnDrugs,lg8z2oq,lg8ypat,1c09qj3,aiwars
Okkre,AramaicDesigns,kywjegt,kyv75dv,1c09qj3,aiwars
HypnoticName,Videogame-repairguy,kyv7dfr,kyv2mot,1c09qj3,aiwars
Videogame-repairguy,HypnoticName,kzyag5i,kyv7dfr,1c09qj3,aiwars
ImaKant,Videogame-repairguy,kyvd483,kyv2mot,1c09qj3,aiwars
Videogame-repairguy,ImaKant,kzybkdg,kyvd483,1c09qj3,aiwars
Historical-Nail9621,Videogame-repairguy,kyw56ki,kyv2mot,1c09qj3,aiwars
Videogame-repairguy,Historical-Nail9621,kzy1kqo,kyw56ki,1c09qj3,aiwars
Outrageous_Guard_674,Videogame-repairguy,kzzdezw,kzy1kqo,1c09qj3,aiwars
s_mirage,Videogame-repairguy,l017v8h,kzy1kqo,1c09qj3,aiwars
Videogame-repairguy,s_mirage,l01828x,l017v8h,1c09qj3,aiwars
Historical-Nail9621,Videogame-repairguy,l046vgk,kzy1kqo,1c09qj3,aiwars
Ka_Trewq,Videogame-repairguy,kyw1ml0,1c09qj3,1c09qj3,aiwars
metanaught,Ka_Trewq,kywhklg,kyw1ml0,1c09qj3,aiwars
Ka_Trewq,metanaught,kywzj2l,kywhklg,1c09qj3,aiwars
metanaught,Ka_Trewq,kyy5vqn,kywzj2l,1c09qj3,aiwars
Videogame-repairguy,Ka_Trewq,kzy20x4,kyw1ml0,1c09qj3,aiwars
Outrageous_Guard_674,Videogame-repairguy,kzzdku4,kzy20x4,1c09qj3,aiwars
Mr_Dr_Prof_Derp,Videogame-repairguy,l2ocsrn,kzy20x4,1c09qj3,aiwars
TheGrandArtificer,Videogame-repairguy,kyvgkdd,1c09qj3,1c09qj3,aiwars
Videogame-repairguy,TheGrandArtificer,kzybxua,kyvgkdd,1c09qj3,aiwars
TheGrandArtificer,Videogame-repairguy,kzypbyy,kzybxua,1c09qj3,aiwars
Outrageous_Guard_674,Videogame-repairguy,kzzdplf,kzybxua,1c09qj3,aiwars
Fabulous_Care_8955,TheGrandArtificer,mdj2t7r,kyvgkdd,1c09qj3,aiwars
TheGrandArtificer,Fabulous_Care_8955,mdj5fok,mdj2t7r,1c09qj3,aiwars
theronin7,Videogame-repairguy,kyv4bne,1c09qj3,1c09qj3,aiwars
Ricoshete,theronin7,kyvyj1n,kyv4bne,1c09qj3,aiwars
Videogame-repairguy,theronin7,kzya89g,kyv4bne,1c09qj3,aiwars
Actual-Ad-6066,Videogame-repairguy,kyvc792,1c09qj3,1c09qj3,aiwars
Videogame-repairguy,Actual-Ad-6066,kzybh15,kyvc792,1c09qj3,aiwars
OVAWARE,Videogame-repairguy,kyvjs9j,1c09qj3,1c09qj3,aiwars
Videogame-repairguy,OVAWARE,kzy2afm,kyvjs9j,1c09qj3,aiwars
Ricoshete,Videogame-repairguy,kyv43ay,1c09qj3,1c09qj3,aiwars
Videogame-repairguy,Ricoshete,kzya7ey,kyv43ay,1c09qj3,aiwars
Ricoshete,Videogame-repairguy,kzyoknz,kzya7ey,1c09qj3,aiwars
Stormydaycoffee,Videogame-repairguy,kyvd6uj,1c09qj3,1c09qj3,aiwars
lamnatheshark,Videogame-repairguy,kyw3ovm,1c09qj3,1c09qj3,aiwars
weakestArtist,lamnatheshark,kywp2yl,kyw3ovm,1c09qj3,aiwars
Videogame-repairguy,lamnatheshark,kzy1n46,kyw3ovm,1c09qj3,aiwars
lamnatheshark,Videogame-repairguy,kzy9po9,kzy1n46,1c09qj3,aiwars
Videogame-repairguy,lamnatheshark,kzyfqgt,kzy9po9,1c09qj3,aiwars
lamnatheshark,Videogame-repairguy,kzz34c9,kzyfqgt,1c09qj3,aiwars
ArchGaden,Videogame-repairguy,kyvdfwj,1c09qj3,1c09qj3,aiwars
Okkre,ArchGaden,kywk3oi,kyvdfwj,1c09qj3,aiwars
Rousinglines,Videogame-repairguy,kywm5ez,1c09qj3,1c09qj3,aiwars
Videogame-repairguy,Rousinglines,kzxyz6e,kywm5ez,1c09qj3,aiwars
Playme_ai,Videogame-repairguy,kyyim4n,1c09qj3,1c09qj3,aiwars
GingerTea69,Videogame-repairguy,kza26tt,1c09qj3,1c09qj3,aiwars
Videogame-repairguy,GingerTea69,kzxygv4,kza26tt,1c09qj3,aiwars
Feroc,Videogame-repairguy,kzg2xg3,1c09qj3,1c09qj3,aiwars
Videogame-repairguy,Feroc,kzg7qww,kzg2xg3,1c09qj3,aiwars
Feroc,Videogame-repairguy,kzgbf8p,kzg7qww,1c09qj3,aiwars
Videogame-repairguy,Feroc,kzgocju,kzgbf8p,1c09qj3,aiwars
Feroc,Videogame-repairguy,kzgrmco,kzgocju,1c09qj3,aiwars
Videogame-repairguy,Feroc,kzgwpxc,kzgrmco,1c09qj3,aiwars
Feroc,Videogame-repairguy,kzgy3hf,kzgwpxc,1c09qj3,aiwars
Videogame-repairguy,Feroc,kzxuyon,kzgy3hf,1c09qj3,aiwars
Feroc,Videogame-repairguy,kzycbbp,kzxuyon,1c09qj3,aiwars
Videogame-repairguy,Feroc,kzyg7r9,kzycbbp,1c09qj3,aiwars
BuccalFatApologist,Videogame-repairguy,kyva5n4,1c09qj3,1c09qj3,aiwars
Videogame-repairguy,BuccalFatApologist,kzybb2s,kyva5n4,1c09qj3,aiwars
BuccalFatApologist,Videogame-repairguy,kzycccv,kzybb2s,1c09qj3,aiwars
Videogame-repairguy,BuccalFatApologist,kzyg9bl,kzycccv,1c09qj3,aiwars
bbt104,Videogame-repairguy,kyv7g1a,kyv2iuu,1c09qj3,aiwars
Videogame-repairguy,bbt104,kzyalwc,kyv7g1a,1c09qj3,aiwars
SlightOfHand_,Videogame-repairguy,kyv7qkv,kyv2iuu,1c09qj3,aiwars
Videogame-repairguy,SlightOfHand_,kzyap8o,kyv7qkv,1c09qj3,aiwars
Sheepolution,Videogame-repairguy,kyv7dey,kyv2iuu,1c09qj3,aiwars
Videogame-repairguy,Sheepolution,kzyaj86,kyv7dey,1c09qj3,aiwars
Raving_Lunatic69,nokvok,iyzuy1m,iyztycd,zd5ntt,NoStupidQuestions
nokvok,Raving_Lunatic69,iz0au64,iyzuy1m,zd5ntt,NoStupidQuestions
QuizzicalRequests,nokvok,iz0kytc,iz0au64,zd5ntt,NoStupidQuestions
nokvok,QuizzicalRequests,iz0wjfk,iz0kytc,zd5ntt,NoStupidQuestions
Outrageous-Part7294,Raving_Lunatic69,izzljg6,iyzuy1m,zd5ntt,NoStupidQuestions
falcondiorf,Outrageous-Part7294,j595yzw,izznc05,zd5ntt,NoStupidQuestions
Kavril91,use_vpn_orlozeacount,mt753gp,1kqohfx,1kqohfx,aiwars
NikkyD1,Kavril91,mt76kye,mt753gp,1kqohfx,aiwars
Kedly,Kavril91,mtef8nx,mt753gp,1kqohfx,aiwars
KatuTiel,AssignmentWeary1291,nn3b9yi,njvlqsu,1kqohfx,aiwars
AssignmentWeary1291,KatuTiel,nn4vgto,nn3b9yi,1kqohfx,aiwars
Chaghatai,Kavril91,mt7am5c,mt753gp,1kqohfx,aiwars
possibilistic,Chaghatai,mt7eiat,mt7am5c,1kqohfx,aiwars
Chaghatai,possibilistic,mt7ft60,mt7eiat,1kqohfx,aiwars
Titan2562,possibilistic,mtbgvd1,mt7eiat,1kqohfx,aiwars
possibilistic,Titan2562,mtbnms4,mtbgvd1,1kqohfx,aiwars
hitorinbolemon,possibilistic,mua0rs4,mtbnms4,1kqohfx,aiwars
CritiKat,possibilistic,mteompa,mtbnms4,1kqohfx,aiwars
Interesting_Log-64,possibilistic,mtao4rf,mt7eiat,1kqohfx,aiwars
Kerrus,Chaghatai,mt7bd2f,mt7am5c,1kqohfx,aiwars
Chaghatai,Kerrus,mt7btg7,mt7bd2f,1kqohfx,aiwars
Interesting_Log-64,Chaghatai,mtaokly,mt7btg7,1kqohfx,aiwars
Titan2562,Chaghatai,mtbh96v,mt7btg7,1kqohfx,aiwars
Public_Switch8168,Kerrus,mt7qxc8,mt7bd2f,1kqohfx,aiwars
ai_kagano,Public_Switch8168,mtipkvn,mt7qxc8,1kqohfx,aiwars
Gman749,Kerrus,mtjsjwq,mt7bd2f,1kqohfx,aiwars
SLCPDSoakingDivision,Kerrus,mt9t257,mt7bd2f,1kqohfx,aiwars
Turbulent_Escape4882,SLCPDSoakingDivision,mtbej47,mt9t257,1kqohfx,aiwars
TheMysteryCheese,Chaghatai,mt9f3wb,mt7am5c,1kqohfx,aiwars
SLCPDSoakingDivision,TheMysteryCheese,mt9t8r0,mt9f3wb,1kqohfx,aiwars
Kedly,Chaghatai,mteff6x,mt7am5c,1kqohfx,aiwars
KajaIsForeverAlone,Kavril91,mt76qkp,mt753gp,1kqohfx,aiwars
Tri2211,Kavril91,mtdo4i5,mt753gp,1kqohfx,aiwars
Successful_Brief_751,Kavril91,mt8k78j,mt753gp,1kqohfx,aiwars
Turbulent_Escape4882,Successful_Brief_751,mtbdyr7,mt9bbjr,1kqohfx,aiwars
jon11888,use_vpn_orlozeacount,mt77bty,1kqohfx,1kqohfx,aiwars
HD144p,jon11888,mtg3bui,mt77bty,1kqohfx,aiwars
jon11888,HD144p,mtiswpg,mtg3bui,1kqohfx,aiwars
Celatine_,jon11888,mthe723,mt77bty,1kqohfx,aiwars
jon11888,Celatine_,mtiqxna,mthe723,1kqohfx,aiwars
ClintonBooker,jon11888,n1yadaq,mtiqxna,1kqohfx,aiwars
Titan2562,TheHeadlessOne,mtbhzop,mtaghbt,1kqohfx,aiwars
Titan2562,jon11888,mtbhtgh,mt77bty,1kqohfx,aiwars
TheHeadlessOne,use_vpn_orlozeacount,mt74sz1,1kqohfx,1kqohfx,aiwars
Interesting_Log-64,TheHeadlessOne,mtan1vk,mt74sz1,1kqohfx,aiwars
CbfDetectedLoser,Interesting_Log-64,mw2vhjt,mtan1vk,1kqohfx,aiwars
Titan2562,Interesting_Log-64,mtbgbfo,mtan1vk,1kqohfx,aiwars
Interesting_Log-64,Titan2562,mtbh6nb,mtbgbfo,1kqohfx,aiwars
Titan2562,Interesting_Log-64,mtbknv8,mtbh6nb,1kqohfx,aiwars
Interesting_Log-64,Titan2562,mtblsy3,mtbknv8,1kqohfx,aiwars
Titan2562,Interesting_Log-64,mtbpoxf,mtblsy3,1kqohfx,aiwars
Mataric,use_vpn_orlozeacount,mt79807,1kqohfx,1kqohfx,aiwars
Championship_Hairy,Mataric,mtm00ym,mt79807,1kqohfx,aiwars
Zatmos,use_vpn_orlozeacount,mt7bnuy,1kqohfx,1kqohfx,aiwars
MysteriousPepper8908,use_vpn_orlozeacount,mt75g5o,1kqohfx,1kqohfx,aiwars
queenkid1,MysteriousPepper8908,mt8mtgq,mt75g5o,1kqohfx,aiwars
MysteriousPepper8908,queenkid1,mt8op7a,mt8mtgq,1kqohfx,aiwars
Titan2562,MysteriousPepper8908,mtbi4du,mt8op7a,1kqohfx,aiwars
MysteriousPepper8908,Titan2562,mtbva05,mtbi4du,1kqohfx,aiwars
Titan2562,MysteriousPepper8908,mtcvnon,mtbva05,1kqohfx,aiwars
MysteriousPepper8908,Titan2562,mtcy6g7,mtcvnon,1kqohfx,aiwars
Titan2562,MysteriousPepper8908,mtcyppu,mtcy6g7,1kqohfx,aiwars
MysteriousPepper8908,Titan2562,mtd8x6r,mtcyppu,1kqohfx,aiwars
jordanwisearts,MysteriousPepper8908,mtee8ki,mtd8x6r,1kqohfx,aiwars
KorwinD,MysteriousPepper8908,mt9jgxa,mt75g5o,1kqohfx,aiwars
MysteriousPepper8908,KorwinD,mt9ko5t,mt9jgxa,1kqohfx,aiwars
TONK09,MysteriousPepper8908,mt785j6,mt75g5o,1kqohfx,aiwars
MysteriousPepper8908,TONK09,mt7ahzq,mt785j6,1kqohfx,aiwars
FpRhGf,MysteriousPepper8908,mt84s4f,mt7ahzq,1kqohfx,aiwars
Titan2562,MysteriousPepper8908,mtbibom,mt7ahzq,1kqohfx,aiwars
MysteriousPepper8908,Titan2562,mtbv44l,mtbibom,1kqohfx,aiwars
Titan2562,MysteriousPepper8908,mtcvtm5,mtbv44l,1kqohfx,aiwars
MysteriousPepper8908,Titan2562,mtcxov6,mtcvtm5,1kqohfx,aiwars
DiamondDepth_YT,MysteriousPepper8908,mt8mep5,mt7ahzq,1kqohfx,aiwars
MysteriousPepper8908,DiamondDepth_YT,mt8oig5,mt8mep5,1kqohfx,aiwars
nellfallcard,DiamondDepth_YT,mt8we7m,mt8mep5,1kqohfx,aiwars
Devourer_of_HP,DiamondDepth_YT,mt8wook,mt8mep5,1kqohfx,aiwars
DiamondDepth_YT,Devourer_of_HP,mt94p94,mt8wook,1kqohfx,aiwars
TheHeadlessOne,TONK09,mt7awf1,mt785j6,1kqohfx,aiwars
bbt104,TONK09,mt8oc9z,mt785j6,1kqohfx,aiwars
Titan2562,bbt104,mtbiibo,mt8oc9z,1kqohfx,aiwars
symedia,MysteriousPepper8908,mt8lvgp,mt75g5o,1kqohfx,aiwars
MysteriousPepper8908,symedia,mt8nrc5,mt8lvgp,1kqohfx,aiwars
symedia,MysteriousPepper8908,mt8p79u,mt8nrc5,1kqohfx,aiwars
MysteriousPepper8908,symedia,mt8qo3h,mt8p79u,1kqohfx,aiwars
symedia,MysteriousPepper8908,mt8rzsk,mt8qo3h,1kqohfx,aiwars
Thick-Protection-458,use_vpn_orlozeacount,mt75yif,1kqohfx,1kqohfx,aiwars
Consistent-Mastodon,Thick-Protection-458,mt7cc0q,mt75yif,1kqohfx,aiwars
Val_Fortecazzo,Consistent-Mastodon,mt7k7zd,mt7cc0q,1kqohfx,aiwars
Titan2562,Consistent-Mastodon,mtbivkw,mt7cc0q,1kqohfx,aiwars
MetapodChannel,Thick-Protection-458,mt7e8cx,mt75yif,1kqohfx,aiwars
Thick-Protection-458,MetapodChannel,mt7f36y,mt7e8cx,1kqohfx,aiwars
MetapodChannel,Thick-Protection-458,mt7g76w,mt7f36y,1kqohfx,aiwars
TheHeadlessOne,Thick-Protection-458,mtahh6e,mt75yif,1kqohfx,aiwars
WanderWut,use_vpn_orlozeacount,mt79maz,1kqohfx,1kqohfx,aiwars
Val_Fortecazzo,use_vpn_orlozeacount,mt7jr3h,1kqohfx,1kqohfx,aiwars
Pretend_Jacket1629,use_vpn_orlozeacount,mt7604y,1kqohfx,1kqohfx,aiwars
Similar_Geologist_73,Pretend_Jacket1629,mt8ryb7,mt7604y,1kqohfx,aiwars
Xdivine,Similar_Geologist_73,mtap55b,mt8ryb7,1kqohfx,aiwars
Similar_Geologist_73,Xdivine,mtdo7hv,mtap55b,1kqohfx,aiwars
Titan2562,Similar_Geologist_73,mtbj79b,mt8ryb7,1kqohfx,aiwars
Similar_Geologist_73,Titan2562,mtdninb,mtbj79b,1kqohfx,aiwars
Pretend_Jacket1629,Similar_Geologist_73,mt8t866,mt8ryb7,1kqohfx,aiwars
Similar_Geologist_73,Pretend_Jacket1629,mt8y05z,mt8t866,1kqohfx,aiwars
lesbianspider69,use_vpn_orlozeacount,mt8knzu,1kqohfx,1kqohfx,aiwars
Houdinii1984,use_vpn_orlozeacount,mt768ii,1kqohfx,1kqohfx,aiwars
Unusual_Ad_9773,use_vpn_orlozeacount,mt7691w,1kqohfx,1kqohfx,aiwars
TheArchivist314,use_vpn_orlozeacount,mt7e7xp,1kqohfx,1kqohfx,aiwars
ForgottenFrenchFry,use_vpn_orlozeacount,mt868pg,1kqohfx,1kqohfx,aiwars
Z30HRTGDV,use_vpn_orlozeacount,mt8kwkc,1kqohfx,1kqohfx,aiwars
Similar_Geologist_73,use_vpn_orlozeacount,mt8saea,1kqohfx,1kqohfx,aiwars
Elvarien2,use_vpn_orlozeacount,mt9q3vt,1kqohfx,1kqohfx,aiwars
Top-Goose6019,use_vpn_orlozeacount,mt8ftxo,1kqohfx,1kqohfx,aiwars
Titan2562,Top-Goose6019,mtbj4n3,mt8ftxo,1kqohfx,aiwars
_HoundOfJustice,use_vpn_orlozeacount,mt78bu6,1kqohfx,1kqohfx,aiwars
Consistent-Mastodon,use_vpn_orlozeacount,mt7d0bg,1kqohfx,1kqohfx,aiwars
MetapodChannel,Consistent-Mastodon,mt7ez0f,mt7d0bg,1kqohfx,aiwars
vlladonxxx,use_vpn_orlozeacount,mt7fm4p,1kqohfx,1kqohfx,aiwars
dejaojas,use_vpn_orlozeacount,mt7plb0,1kqohfx,1kqohfx,aiwars
nellfallcard,use_vpn_orlozeacount,mt8v2v5,1kqohfx,1kqohfx,aiwars
Dziadzios,use_vpn_orlozeacount,mt97mm4,1kqohfx,1kqohfx,aiwars
Striking-Long-2960,use_vpn_orlozeacount,mta72wx,1kqohfx,1kqohfx,aiwars
Jean_velvet,use_vpn_orlozeacount,mtbqy67,1kqohfx,1kqohfx,aiwars
EngineerBig1851,use_vpn_orlozeacount,mt7i4b0,1kqohfx,1kqohfx,aiwars
ForgottenFrenchFry,EngineerBig1851,mt81dl8,mt7i4b0,1kqohfx,aiwars
Pretend_Jacket1629,ForgottenFrenchFry,mt85k7m,mt81dl8,1kqohfx,aiwars
EngineerBig1851,ForgottenFrenchFry,mt9d7o8,mt81dl8,1kqohfx,aiwars
SummerEchoes,use_vpn_orlozeacount,mt7bt6g,1kqohfx,1kqohfx,aiwars
JamesR624,use_vpn_orlozeacount,mt8unjd,1kqohfx,1kqohfx,aiwars
FromIdeologytoUnity,use_vpn_orlozeacount,mt78emz,1kqohfx,1kqohfx,aiwars
CartographerWorth,use_vpn_orlozeacount,mt794p2,1kqohfx,1kqohfx,aiwars
DaveSureLong,use_vpn_orlozeacount,mt96l0j,1kqohfx,1kqohfx,aiwars
RICH_homie_Doug,use_vpn_orlozeacount,mt9j8z3,1kqohfx,1kqohfx,aiwars
TikaOriginal,use_vpn_orlozeacount,mt9lwdp,1kqohfx,1kqohfx,aiwars
Pristine_Sample7323,use_vpn_orlozeacount,mt9orwy,1kqohfx,1kqohfx,aiwars
MonstrousMajestic,use_vpn_orlozeacount,mt9xzpb,1kqohfx,1kqohfx,aiwars
Interesting_Log-64,use_vpn_orlozeacount,mtamvj6,1kqohfx,1kqohfx,aiwars
Penny_D,use_vpn_orlozeacount,mtb1ugw,1kqohfx,1kqohfx,aiwars
Turbulent_Escape4882,use_vpn_orlozeacount,mtbhwvq,1kqohfx,1kqohfx,aiwars
Titan2562,use_vpn_orlozeacount,mtbjvou,1kqohfx,1kqohfx,aiwars
parke415,use_vpn_orlozeacount,mtbrtm7,1kqohfx,1kqohfx,aiwars
Squidlips413,use_vpn_orlozeacount,mtbu2m8,1kqohfx,1kqohfx,aiwars
Snotsky,use_vpn_orlozeacount,mtcxaqr,1kqohfx,1kqohfx,aiwars
Alive-Tomatillo5303,use_vpn_orlozeacount,mtepb1j,1kqohfx,1kqohfx,aiwars
Big-Ad-2118,use_vpn_orlozeacount,mtgouca,1kqohfx,1kqohfx,aiwars
ceemootoo,use_vpn_orlozeacount,mti213u,1kqohfx,1kqohfx,aiwars
Gman749,use_vpn_orlozeacount,mtjrhg2,1kqohfx,1kqohfx,aiwars
PokePress,use_vpn_orlozeacount,mtkk2ze,1kqohfx,1kqohfx,aiwars
crapsh0ot,use_vpn_orlozeacount,mtls2d5,1kqohfx,1kqohfx,aiwars
Pathseeker08,use_vpn_orlozeacount,mtmkml2,1kqohfx,1kqohfx,aiwars
Old-Zookeepergame503,use_vpn_orlozeacount,mw3h9x1,1kqohfx,1kqohfx,aiwars
a_CaboodL,use_vpn_orlozeacount,mt793i5,1kqohfx,1kqohfx,aiwars
adrixshadow,use_vpn_orlozeacount,mt8pova,1kqohfx,1kqohfx,aiwars
Cass0wary_399,use_vpn_orlozeacount,mt77stw,1kqohfx,1kqohfx,aiwars
